Metric,Value
Silhouette Score,0.5267509436754586
Adjusted Rand Index,0.3187386580346662
Adjusted Mutual Information,0.22234133035123413
Cluster Purity,0.7970162748643761
Accuracy,0.7970162748643761
Precision,0.7927677329624478
Recall,0.949050949050949
F1-score,0.8638981509548348
