Model,Number of Clusters,Silhouette Score,Calinski-Harabasz Score,Davies-Bouldin Score
K-Means,3,0.1382744215739995,579.048429860889,2.527585986315279
DBSCAN,0,0.0,0.0,0.0
Agglomerative,3,0.16712048797083293,496.04141502903167,2.5310439356649947
Gaussian Mixture,3,0.14609576384055523,539.842771626716,2.6112348085333825
