Model,Overall Accuracy/Score,Additional Metric
Decision Tree,0.8124293785310734,0.8625253053324731
Naive Bayes,0.7943502824858757,0.8280238481902517
K-means,0.5267509436754586,0.3187386580346662
